swap_ratio,model,epoch,train_loss,mse_loss,identity_loss,val_clean_skill
0.0,MLPPositionFeature,1,534.9553,534.5932,0.3622,0.0748
0.0,MLPPositionFeature,2,195.4953,195.4953,0.0000,0.1073
0.0,MLPPositionFeature,3,153.7248,153.7248,0.0000,0.3513
0.0,MLPPositionFeature,4,121.1600,121.1600,0.0000,0.5227
0.0,MLPPositionFeature,5,101.5047,101.5047,0.0000,0.6000
0.0,MLPPositionFeature,6,88.5045,88.5045,0.0000,0.6451
0.0,MLPPositionFeature,7,78.7341,78.7341,0.0000,0.6913
0.0,MLPPositionFeature,8,66.9319,66.9319,0.0000,0.7503
0.0,MLPPositionFeature,9,57.5857,57.5857,0.0000,0.8020
0.0,MLPPositionFeature,10,49.8044,49.8044,0.0000,0.8229
0.0,MLPPositionFeature,11,45.7252,45.7252,0.0000,0.8499
0.0,MLPPositionFeature,12,41.5959,41.5959,0.0000,0.8649
0.0,MLPPositionFeature,13,39.1911,39.1911,0.0000,0.8697
0.0,MLPPositionFeature,14,38.3435,38.3435,0.0000,0.8378
0.0,MLPPositionFeature,15,38.6709,38.6709,0.0000,0.8750
0.0,MLPPositionFeature,16,35.3366,35.3366,0.0000,0.8752
0.0,MLPPositionFeature,17,34.1286,34.1286,0.0000,0.8807
0.0,MLPPositionFeature,18,33.3151,33.3150,0.0000,0.8834
0.0,MLPPositionFeature,19,31.2388,31.2388,0.0000,0.8868
0.0,MLPPositionFeature,20,31.4015,31.4015,0.0000,0.8896
0.0,ObjectCentricFeatureModel,1,818.2816,818.2045,0.0771,-0.5720
0.0,ObjectCentricFeatureModel,2,219.0930,219.0930,0.0000,0.0863
0.0,ObjectCentricFeatureModel,3,159.4794,159.4794,0.0000,0.2682
0.0,ObjectCentricFeatureModel,4,139.3922,139.3922,0.0000,0.3155
0.0,ObjectCentricFeatureModel,5,120.5388,120.5388,0.0000,0.4634
0.0,ObjectCentricFeatureModel,6,93.4959,93.4959,0.0000,0.6007
0.0,ObjectCentricFeatureModel,7,72.2160,72.2160,0.0000,0.6983
0.0,ObjectCentricFeatureModel,8,54.2840,54.2840,0.0000,0.7851
0.0,ObjectCentricFeatureModel,9,40.9353,40.9353,0.0000,0.8258
0.0,ObjectCentricFeatureModel,10,33.9138,33.9138,0.0000,0.8507
0.0,ObjectCentricFeatureModel,11,30.2649,30.2649,0.0000,0.8724
0.0,ObjectCentricFeatureModel,12,27.3693,27.3693,0.0000,0.8778
0.0,ObjectCentricFeatureModel,13,24.5812,24.5812,0.0000,0.8919
0.0,ObjectCentricFeatureModel,14,22.7572,22.7572,0.0000,0.8968
0.0,ObjectCentricFeatureModel,15,21.4042,21.4042,0.0000,0.8935
0.0,ObjectCentricFeatureModel,16,20.5564,20.5564,0.0000,0.9068
0.0,ObjectCentricFeatureModel,17,19.4095,19.4095,0.0000,0.9100
0.0,ObjectCentricFeatureModel,18,18.8217,18.8217,0.0000,0.9085
0.0,ObjectCentricFeatureModel,19,17.7811,17.7811,0.0000,0.9143
0.0,ObjectCentricFeatureModel,20,17.2668,17.2668,0.0000,0.9155
0.1,MLPPositionFeature,1,563.8900,562.6849,1.2052,0.0815
0.1,MLPPositionFeature,2,189.9453,188.7640,1.1813,0.0736
0.1,MLPPositionFeature,3,160.6337,159.5786,1.0551,0.2088
0.1,MLPPositionFeature,4,137.5320,136.4569,1.0750,0.4048
0.1,MLPPositionFeature,5,118.7125,117.7191,0.9934,0.5199
0.1,MLPPositionFeature,6,103.4098,102.4003,1.0095,0.5990
0.1,MLPPositionFeature,7,89.9809,89.0259,0.9550,0.6655
0.1,MLPPositionFeature,8,80.0984,79.2125,0.8859,0.7101
0.1,MLPPositionFeature,9,74.2249,73.3568,0.8681,0.7279
0.1,MLPPositionFeature,10,67.0566,66.2943,0.7623,0.7612
0.1,MLPPositionFeature,11,63.3485,62.6375,0.7109,0.7784
0.1,MLPPositionFeature,12,58.4938,57.8285,0.6653,0.7984
0.1,MLPPositionFeature,13,55.9053,55.2608,0.6446,0.8156
0.1,MLPPositionFeature,14,53.1100,52.4958,0.6142,0.7798
0.1,MLPPositionFeature,15,52.4435,51.9062,0.5372,0.8258
0.1,MLPPositionFeature,16,50.2208,49.6488,0.5720,0.8278
0.1,MLPPositionFeature,17,49.1189,48.5855,0.5334,0.8215
0.1,MLPPositionFeature,18,47.4634,46.9479,0.5155,0.8425
0.1,MLPPositionFeature,19,46.5771,46.1089,0.4682,0.8406
0.1,MLPPositionFeature,20,45.4204,44.9254,0.4950,0.8477
0.1,ObjectCentricFeatureModel,1,851.6234,850.9490,0.6744,-0.2532
0.1,ObjectCentricFeatureModel,2,230.1884,229.5818,0.6065,0.0613
0.1,ObjectCentricFeatureModel,3,169.6910,169.1957,0.4953,0.2534
0.1,ObjectCentricFeatureModel,4,143.9720,143.4953,0.4768,0.3317
0.1,ObjectCentricFeatureModel,5,122.9711,122.5417,0.4294,0.4436
0.1,ObjectCentricFeatureModel,6,99.9786,99.5901,0.3885,0.5879
0.1,ObjectCentricFeatureModel,7,80.2676,79.9074,0.3602,0.6769
0.1,ObjectCentricFeatureModel,8,64.4370,64.0965,0.3405,0.7725
0.1,ObjectCentricFeatureModel,9,56.9062,56.5389,0.3673,0.8093
0.1,ObjectCentricFeatureModel,10,53.5265,53.2367,0.2898,0.8198
0.1,ObjectCentricFeatureModel,11,50.9857,50.6839,0.3018,0.8227
0.1,ObjectCentricFeatureModel,12,48.6064,48.3237,0.2827,0.8314
0.1,ObjectCentricFeatureModel,13,47.1518,46.9494,0.2024,0.8288
0.1,ObjectCentricFeatureModel,14,44.6848,44.4748,0.2100,0.8454
0.1,ObjectCentricFeatureModel,15,42.8182,42.6370,0.1812,0.8451
0.1,ObjectCentricFeatureModel,16,40.9457,40.7740,0.1717,0.8562
0.1,ObjectCentricFeatureModel,17,39.8772,39.6806,0.1966,0.8506
0.1,ObjectCentricFeatureModel,18,38.8019,38.6141,0.1878,0.8606
0.1,ObjectCentricFeatureModel,19,37.5103,37.3683,0.1419,0.8645
0.1,ObjectCentricFeatureModel,20,36.5278,36.3807,0.1471,0.8622
0.3,MLPPositionFeature,1,535.6594,534.2802,1.3792,0.0985
0.3,MLPPositionFeature,2,193.4682,192.2097,1.2585,0.0439
0.3,MLPPositionFeature,3,160.6526,159.5072,1.1453,0.2635
0.3,MLPPositionFeature,4,135.0738,133.9006,1.1732,0.4276
0.3,MLPPositionFeature,5,114.5059,113.3860,1.1199,0.5668
0.3,MLPPositionFeature,6,96.2395,95.2315,1.0080,0.6499
0.3,MLPPositionFeature,7,82.2055,81.3282,0.8772,0.6832
0.3,MLPPositionFeature,8,73.2275,72.3149,0.9126,0.7357
0.3,MLPPositionFeature,9,66.9216,66.1018,0.8198,0.7700
0.3,MLPPositionFeature,10,62.9480,62.2765,0.6715,0.7761
0.3,MLPPositionFeature,11,59.2542,58.5492,0.7050,0.8052
0.3,MLPPositionFeature,12,54.9163,54.2795,0.6368,0.8030
0.3,MLPPositionFeature,13,52.7907,52.1911,0.5996,0.8174
0.3,MLPPositionFeature,14,50.4283,49.8717,0.5565,0.8254
0.3,MLPPositionFeature,15,49.7241,49.2279,0.4963,0.8252
0.3,MLPPositionFeature,16,47.7795,47.3361,0.4434,0.8394
0.3,MLPPositionFeature,17,46.9453,46.5053,0.4399,0.8301
0.3,MLPPositionFeature,18,44.9067,44.5017,0.4050,0.8430
0.3,MLPPositionFeature,19,45.1167,44.7109,0.4058,0.8454
0.3,MLPPositionFeature,20,45.1050,44.7015,0.4035,0.8464
0.3,ObjectCentricFeatureModel,1,844.7219,844.0799,0.6420,-0.4765
0.3,ObjectCentricFeatureModel,2,220.8203,220.2260,0.5943,0.1887
0.3,ObjectCentricFeatureModel,3,152.3802,151.9437,0.4364,0.3427
0.3,ObjectCentricFeatureModel,4,121.9038,121.4490,0.4547,0.4761
0.3,ObjectCentricFeatureModel,5,95.4250,95.0023,0.4226,0.6282
0.3,ObjectCentricFeatureModel,6,74.5545,74.1189,0.4356,0.7146
0.3,ObjectCentricFeatureModel,7,63.5043,63.1252,0.3790,0.7657
0.3,ObjectCentricFeatureModel,8,60.5337,60.2184,0.3153,0.7893
0.3,ObjectCentricFeatureModel,9,56.3850,56.0753,0.3097,0.8080
0.3,ObjectCentricFeatureModel,10,53.3045,53.0374,0.2671,0.8158
0.3,ObjectCentricFeatureModel,11,52.2256,51.9787,0.2469,0.8181
0.3,ObjectCentricFeatureModel,12,50.2838,50.0472,0.2366,0.8198
0.3,ObjectCentricFeatureModel,13,48.4340,48.2127,0.2212,0.8316
0.3,ObjectCentricFeatureModel,14,47.3766,47.1822,0.1943,0.8370
0.3,ObjectCentricFeatureModel,15,45.5668,45.4111,0.1557,0.8384
0.3,ObjectCentricFeatureModel,16,44.3756,44.2263,0.1493,0.8450
0.3,ObjectCentricFeatureModel,17,43.1223,42.9681,0.1541,0.8490
0.3,ObjectCentricFeatureModel,18,41.4511,41.2926,0.1585,0.8543
0.3,ObjectCentricFeatureModel,19,40.9578,40.8031,0.1546,0.8596
0.3,ObjectCentricFeatureModel,20,39.3907,39.2356,0.1550,0.8604
0.5,MLPPositionFeature,1,516.4187,515.4055,1.0132,0.0720
0.5,MLPPositionFeature,2,196.7599,195.5269,1.2330,0.0572
0.5,MLPPositionFeature,3,157.3697,156.3445,1.0252,0.2852
0.5,MLPPositionFeature,4,130.6224,129.4967,1.1257,0.4608
0.5,MLPPositionFeature,5,110.1371,109.1453,0.9919,0.5907
0.5,MLPPositionFeature,6,93.1736,92.2850,0.8886,0.6619
0.5,MLPPositionFeature,7,80.7231,79.9057,0.8173,0.6840
0.5,MLPPositionFeature,8,71.6018,70.8607,0.7412,0.7431
0.5,MLPPositionFeature,9,65.2047,64.4540,0.7507,0.7739
0.5,MLPPositionFeature,10,60.3662,59.6571,0.7091,0.7763
0.5,MLPPositionFeature,11,57.6571,57.0616,0.5955,0.8056
0.5,MLPPositionFeature,12,53.9144,53.2957,0.6187,0.8199
0.5,MLPPositionFeature,13,51.8321,51.2542,0.5778,0.8118
0.5,MLPPositionFeature,14,50.8595,50.3172,0.5424,0.8308
0.5,MLPPositionFeature,15,49.9763,49.4849,0.4914,0.8104
0.5,MLPPositionFeature,16,48.8578,48.4524,0.4054,0.8322
0.5,MLPPositionFeature,17,47.0886,46.6886,0.4001,0.8330
0.5,MLPPositionFeature,18,45.5976,45.1883,0.4093,0.8390
0.5,MLPPositionFeature,19,45.1867,44.8050,0.3816,0.8356
0.5,MLPPositionFeature,20,43.7950,43.4215,0.3734,0.8472
0.5,ObjectCentricFeatureModel,1,774.6151,774.0020,0.6131,-0.8558
0.5,ObjectCentricFeatureModel,2,226.2391,225.6536,0.5856,0.1559
0.5,ObjectCentricFeatureModel,3,156.7722,156.2524,0.5199,0.2792
0.5,ObjectCentricFeatureModel,4,137.7213,137.2641,0.4572,0.3557
0.5,ObjectCentricFeatureModel,5,120.0687,119.6406,0.4281,0.4668
0.5,ObjectCentricFeatureModel,6,99.5363,99.1293,0.4070,0.6007
0.5,ObjectCentricFeatureModel,7,81.3998,80.9653,0.4345,0.7020
0.5,ObjectCentricFeatureModel,8,68.3368,67.7905,0.5463,0.7621
0.5,ObjectCentricFeatureModel,9,60.1999,59.7314,0.4686,0.8018
0.5,ObjectCentricFeatureModel,10,56.6438,56.2581,0.3856,0.8054
0.5,ObjectCentricFeatureModel,11,54.3446,54.0605,0.2841,0.8177
0.5,ObjectCentricFeatureModel,12,52.2421,52.0178,0.2243,0.8218
0.5,ObjectCentricFeatureModel,13,50.1585,49.9254,0.2331,0.8273
0.5,ObjectCentricFeatureModel,14,48.2128,47.9925,0.2202,0.8331
0.5,ObjectCentricFeatureModel,15,46.6111,46.4018,0.2093,0.8392
0.5,ObjectCentricFeatureModel,16,44.5535,44.3888,0.1647,0.8453
0.5,ObjectCentricFeatureModel,17,43.1848,43.0404,0.1443,0.8495
0.5,ObjectCentricFeatureModel,18,41.5320,41.3992,0.1328,0.8583
0.5,ObjectCentricFeatureModel,19,40.6115,40.4824,0.1291,0.8590
0.5,ObjectCentricFeatureModel,20,39.7758,39.6365,0.1393,0.8517
