episode_idx,timestep,object_idx,identity_key_0,identity_key_1,last_pos_x,last_pos_y,occluded,feature_confidence,trajectory_confidence,total_confidence
0,0,0,1.0000,0.0000,48.4521,38.5709,False,0.0000,0.3468,0.3000
0,0,1,0.0000,1.0000,30.9606,15.0695,False,0.0000,0.0936,0.3000
0,1,0,1.0000,0.0000,47.4823,36.9995,False,0.0000,0.3824,0.3000
0,1,1,0.0000,1.0000,30.2148,15.9271,False,0.0000,0.0992,0.3000
0,2,0,1.0000,0.0000,46.4462,35.4989,False,0.0000,0.4134,0.3000
0,2,1,0.0000,1.0000,29.5852,16.9892,False,0.0000,0.1072,0.3000
0,3,0,1.0000,0.0000,45.3748,34.0485,False,0.0000,0.4348,0.3000
0,3,1,0.0000,1.0000,29.0217,18.0338,False,0.0000,0.1154,0.3000
0,4,0,1.0000,0.0000,44.1193,32.5002,False,0.0000,0.4439,0.3000
0,4,1,0.0000,1.0000,28.5439,19.0471,False,0.0000,0.1239,0.3000
0,5,0,1.0000,0.0000,42.7684,31.0589,False,0.0000,0.4382,0.3000
0,5,1,0.0000,1.0000,28.2115,20.1657,False,0.0000,0.1347,0.3000
0,6,0,1.0000,0.0000,41.1338,29.7095,False,0.0000,0.4215,0.3000
0,6,1,0.0000,1.0000,27.9470,21.2513,False,0.0000,0.1460,0.3000
0,7,0,1.0000,0.0000,39.3208,28.3588,False,0.0000,0.3880,0.3000
0,7,1,0.0000,1.0000,27.7225,22.5017,False,0.0000,0.1603,0.3000
0,8,0,1.0000,0.0000,27.4909,23.8343,False,1.0000,0.1764,0.9000
0,8,1,0.0000,1.0000,37.2862,27.1771,False,1.0000,0.3478,0.9000
0,9,0,1.0000,0.0000,27.4957,25.1824,False,1.0000,0.1961,0.9000
0,9,1,0.0000,1.0000,35.2623,26.1162,False,1.0000,0.3043,0.9000
0,10,0,1.0000,0.0000,27.6373,26.5974,False,1.0000,0.2202,0.9000
0,10,1,0.0000,1.0000,33.4895,25.2673,False,1.0000,0.2669,0.9000
0,11,0,1.0000,0.0000,27.7902,28.0816,False,1.0000,0.2474,0.9000
0,11,1,0.0000,1.0000,31.6680,24.4798,False,1.0000,0.2315,0.9000
0,12,0,1.0000,0.0000,27.9496,29.5660,False,1.0000,0.2763,0.9000
0,12,1,0.0000,1.0000,29.9224,23.8633,False,1.0000,0.2022,0.9000
0,13,0,1.0000,0.0000,28.2076,30.9820,False,1.0000,0.3072,0.9000
0,13,1,0.0000,1.0000,28.2148,23.3452,False,1.0000,0.1767,0.9000
0,14,0,1.0000,0.0000,28.6910,32.1614,False,1.0000,0.3412,0.9000
0,14,1,0.0000,1.0000,26.6953,22.9739,False,1.0000,0.1570,0.9000
0,15,0,1.0000,0.0000,29.4993,33.3270,False,1.0000,0.3876,0.9000
0,15,1,0.0000,1.0000,25.2962,22.7625,False,1.0000,0.1415,0.9000
0,16,0,1.0000,0.0000,30.3470,34.3259,False,1.0000,0.4370,0.9000
0,16,1,0.0000,1.0000,24.1320,22.7358,False,1.0000,0.1307,0.9000
0,17,0,1.0000,0.0000,31.2165,35.0981,False,1.0000,0.4879,0.9000
0,17,1,0.0000,1.0000,23.0606,22.9514,False,1.0000,0.1233,0.9000
0,18,0,1.0000,0.0000,32.1239,35.6114,False,1.0000,0.5408,0.9000
0,18,1,0.0000,1.0000,22.0983,23.1356,False,1.0000,0.1165,0.9000
0,19,0,1.0000,0.0000,33.0297,35.9500,False,1.0000,0.5957,0.9000
0,19,1,0.0000,1.0000,21.3302,23.3879,False,1.0000,0.1118,0.9000
1,0,0,1.0000,0.0000,62.5000,46.9193,False,0.0000,0.1722,0.3000
1,0,1,0.0000,1.0000,5.6731,51.8457,False,0.0000,0.0141,0.3000
1,1,0,1.0000,0.0000,61.7991,47.4398,False,0.0000,0.1793,0.3000
1,1,1,0.0000,1.0000,4.5325,51.2511,False,0.0000,0.0128,0.3000
1,2,0,1.0000,0.0000,61.2359,47.9586,False,0.0000,0.1839,0.3000
1,2,1,0.0000,1.0000,3.6596,50.6895,False,0.0000,0.0120,0.3000
1,3,0,1.0000,0.0000,60.5968,48.4947,False,0.0000,0.1890,0.3000
1,3,1,0.0000,1.0000,3.0352,50.0887,False,0.0000,0.0114,0.3000
1,4,0,1.0000,0.0000,59.8326,48.9755,False,0.0000,0.1961,0.3000
1,4,1,0.0000,1.0000,2.6179,49.5128,False,0.0000,0.0111,0.3000
1,5,0,1.0000,0.0000,58.9561,49.5166,False,0.0000,0.2036,0.3000
1,5,1,0.0000,1.0000,2.2489,48.8620,False,0.0000,0.0109,0.3000
1,6,0,1.0000,0.0000,58.1068,49.9238,False,0.0000,0.2117,0.3000
1,6,1,0.0000,1.0000,1.9285,48.1556,False,0.0000,0.0107,0.3000
1,7,0,1.0000,0.0000,57.2114,50.4898,False,0.0000,0.2173,0.3000
1,7,1,0.0000,1.0000,1.6818,47.4697,False,0.0000,0.0106,0.3000
1,8,0,1.0000,0.0000,56.5325,50.9463,False,0.0000,0.2201,0.3000
1,8,1,0.0000,1.0000,1.5299,46.8346,False,0.0000,0.0105,0.3000
1,9,0,1.0000,0.0000,55.8300,51.3353,False,0.0000,0.2235,0.3000
1,9,1,0.0000,1.0000,1.5827,46.3843,False,0.0000,0.0106,0.3000
1,10,0,1.0000,0.0000,55.2966,51.6588,False,0.0000,0.2250,0.3000
1,10,1,0.0000,1.0000,1.6122,45.9466,False,0.0000,0.0107,0.3000
1,11,0,1.0000,0.0000,54.5842,51.8936,False,0.0000,0.2299,0.3000
1,11,1,0.0000,1.0000,1.6664,45.5155,False,0.0000,0.0109,0.3000
1,12,0,1.0000,0.0000,53.6980,52.1399,False,0.0000,0.2358,0.3000
1,12,1,0.0000,1.0000,1.6870,45.1498,False,0.0000,0.0109,0.3000
1,13,0,1.0000,0.0000,52.7544,52.3039,False,0.0000,0.2430,0.3000
1,13,1,0.0000,1.0000,1.8009,44.7661,False,0.0000,0.0111,0.3000
1,14,0,1.0000,0.0000,51.7963,52.4484,False,0.0000,0.2494,0.3000
1,14,1,0.0000,1.0000,1.9957,44.1044,False,0.0000,0.0114,0.3000
1,15,0,1.0000,0.0000,50.8566,52.4775,False,0.0000,0.2571,0.3000
1,15,1,0.0000,1.0000,2.3845,43.3593,False,0.0000,0.0119,0.3000
1,16,0,1.0000,0.0000,49.9482,52.2953,False,0.0000,0.2687,0.3000
1,16,1,0.0000,1.0000,2.8178,42.6130,False,0.0000,0.0125,0.3000
1,17,0,1.0000,0.0000,48.9624,51.9469,False,0.0000,0.2843,0.3000
1,17,1,0.0000,1.0000,3.4113,41.7915,False,0.0000,0.0134,0.3000
1,18,0,1.0000,0.0000,47.7740,51.4464,False,0.0000,0.3042,0.3000
1,18,1,0.0000,1.0000,3.9958,40.9019,False,0.0000,0.0142,0.3000
1,19,0,1.0000,0.0000,46.5009,50.9942,False,0.0000,0.3204,0.3000
1,19,1,0.0000,1.0000,4.5640,39.8183,False,0.0000,0.0151,0.3000
2,0,0,0.0000,1.0000,21.1957,22.5404,False,0.0000,0.4818,0.3493
2,0,1,1.0000,0.0000,20.0034,10.9760,False,0.0000,0.3956,0.3493
2,1,0,0.0000,1.0000,19.8151,23.1905,False,0.0000,0.5177,0.3641
2,1,1,1.0000,0.0000,19.7755,10.9676,False,0.0000,0.4002,0.3641
2,2,0,0.0000,1.0000,18.6702,24.0094,False,0.0000,0.5253,0.3715
2,2,1,1.0000,0.0000,19.7113,11.2321,False,0.0000,0.4106,0.3715
2,3,0,0.0000,1.0000,17.7724,25.0115,False,0.0000,0.5034,0.3700
2,3,1,1.0000,0.0000,19.5799,11.5550,False,0.0000,0.4250,0.3700
2,4,0,0.0000,1.0000,17.1573,26.0604,False,0.0000,0.4661,0.3636
2,4,1,1.0000,0.0000,19.5125,12.0157,False,0.0000,0.4433,0.3636
2,5,0,0.0000,1.0000,16.5944,27.0531,False,0.0000,0.4291,0.3563
2,5,1,1.0000,0.0000,19.5553,12.5589,False,0.0000,0.4622,0.3563
2,6,0,0.0000,1.0000,16.1537,27.9892,False,0.0000,0.3940,0.3505
2,6,1,1.0000,0.0000,19.6662,13.3223,False,0.0000,0.4872,0.3505
2,7,0,0.0000,1.0000,15.8451,28.9685,False,0.0000,0.3586,0.3442
2,7,1,1.0000,0.0000,19.7086,14.1618,False,0.0000,0.5163,0.3442
2,8,0,0.0000,1.0000,15.7699,29.7912,False,0.0000,0.3306,0.3379
2,8,1,1.0000,0.0000,19.8542,15.0070,False,0.0000,0.5396,0.3379
2,9,0,0.0000,1.0000,16.0665,30.6664,False,0.0000,0.3022,0.3294
2,9,1,1.0000,0.0000,20.0238,15.9817,False,0.0000,0.5610,0.3294
2,10,0,0.0000,1.0000,16.3176,31.5300,False,0.0000,0.2767,0.3184
2,10,1,1.0000,0.0000,20.2540,17.0261,False,0.0000,0.5726,0.3184
2,11,0,0.0000,1.0000,16.4779,32.5017,False,0.0000,0.2508,0.3000
2,11,1,1.0000,0.0000,20.7088,18.1388,False,0.0000,0.5605,0.3000
2,12,0,0.0000,1.0000,16.7353,33.4992,False,0.0000,0.2264,0.3000
2,12,1,1.0000,0.0000,21.1512,19.2159,False,0.0000,0.5371,0.3000
2,13,0,0.0000,1.0000,17.1031,34.4601,False,0.0000,0.2049,0.3000
2,13,1,1.0000,0.0000,21.5772,20.3465,False,0.0000,0.5059,0.3000
2,14,0,0.0000,1.0000,17.5096,35.2770,False,0.0000,0.1879,0.3000
2,14,1,1.0000,0.0000,22.1483,21.4117,False,0.0000,0.4643,0.3000
2,15,0,0.0000,1.0000,17.8425,35.9511,False,0.0000,0.1748,0.3000
2,15,1,1.0000,0.0000,22.8173,22.5224,False,0.0000,0.4180,0.3000
2,16,0,0.0000,1.0000,18.2528,36.6573,False,0.0000,0.1619,0.3000
2,16,1,1.0000,0.0000,23.5410,23.5902,False,0.0000,0.3732,0.3000
2,17,0,0.0000,1.0000,18.6998,37.4262,False,0.0000,0.1489,0.3000
2,17,1,1.0000,0.0000,24.2930,24.5795,False,0.0000,0.3326,0.3000
2,18,0,0.0000,1.0000,19.3714,38.2395,False,0.0000,0.1356,0.3000
2,18,1,1.0000,0.0000,25.2802,25.4731,False,0.0000,0.2917,0.3000
2,19,0,0.0000,1.0000,20.0426,38.8590,False,0.0000,0.1257,0.3000
2,19,1,1.0000,0.0000,26.2880,26.2992,False,0.0000,0.2562,0.3000
